OrderID,CustomerID,OrderDate,Category,Sales,Quantity,Discount,Profit,CustomerName,Region,Segment,JoinDate,Profit Margin,Profit Per Unit
7001,39,2024-04-25,Electronics,702.14,1,0.2,235.43,Kiara Verma,Central,Consumer,2022-06-02,33.53035007263509,235.43
7002,3,2024-09-11,Electronics,1105.81,1,0.15,383.75,Saanvi Reddy,South,Consumer,2023-09-01,34.703068339045586,383.75
7003,10,2024-12-06,Beauty,45.36,5,0.1,34.1,Sai Patel,West,Consumer,2022-07-06,75.17636684303352,6.82
7004,3,2024-12-01,Electronics,865.79,7,0.05,1780.09,Saanvi Reddy,South,Consumer,2023-09-01,205.60297531734025,254.29857142857142
7005,51,2024-04-19,Clothing,118.44,3,0.15,125.13,Reyansh Sharma,Central,Consumer,2024-04-26,105.6484295845998,41.71
7006,47,2024-01-15,Sports,273.04,3,0.1,248.83,Divya Sharma,East,Corporate,2022-10-14,91.13316730149428,82.94333333333334
7007,38,2024-08-28,Electronics,112.89,6,0.0,245.0,Isha Singh,Central,Corporate,2023-01-19,217.02542297812028,40.833333333333336
7008,53,2024-01-18,Electronics,754.01,5,0.05,83.04,Aarav Iyer,South,Consumer,2023-05-09,11.013116536915957,16.608
7009,30,2024-03-12,Beauty,110.74,4,0.1,111.9,Arjun Reddy,West,Home Office,2024-05-05,101.04749864547591,27.975
7010,14,2024-01-16,Sports,241.88,2,0.05,148.06,Reyansh Das,West,Consumer,2022-08-11,61.21217132462379,74.03
7011,32,2024-08-15,Books,27.54,4,0.2,31.64,Saanvi Nair,West,Consumer,2024-02-11,114.88743645606392,7.91
7012,24,2024-09-26,Home & Kitchen,374.14,5,0.1,686.32,Vihaan Verma,South,Corporate,2023-04-27,183.4393542524189,137.264
7013,14,2024-02-26,Clothing,55.17,1,0.05,9.23,Reyansh Das,West,Consumer,2022-08-11,16.730106942178722,9.23
7014,42,2024-10-04,Beauty,75.84,3,0.2,61.42,Ishaan Reddy,East,Consumer,2024-02-09,80.98628691983122,20.473333333333333
7015,64,2024-07-14,Electronics,85.55,4,0.0,100.11,Arun Singh,West,Corporate,2022-02-19,117.01928696668615,25.0275
7016,25,2024-03-24,Clothing,121.68,1,0.0,34.81,Sai Iyer,North,Consumer,2023-07-17,28.60782380013149,34.81
7017,1,2024-06-17,Electronics,636.93,7,0.05,1514.78,Ananya Das,East,Corporate,2023-08-19,237.82519272133516,216.39714285714285
7018,33,2024-08-27,Clothing,122.48,7,0.1,338.58,Naveen Das,West,Consumer,2024-05-05,276.43696930111037,48.36857142857143
7019,30,2024-02-24,Books,33.64,2,0.0,14.49,Arjun Reddy,West,Home Office,2024-05-05,43.07372175980975,7.245
7020,59,2024-10-17,Clothing,49.84,2,0.05,17.86,Arun Verma,West,Consumer,2022-09-14,35.834670947030496,8.93
7021,29,2024-11-29,Clothing,28.79,7,0.1,37.8,Vihaan Gupta,South,Home Office,2022-09-17,131.2955887460924,5.3999999999999995
7022,69,2024-02-19,Electronics,91.98,1,0.05,18.54,Rahul Gupta,North,Unknown,2022-02-02,20.15655577299413,18.54
7023,43,2024-08-15,Books,45.09,4,0.05,54.17,Kiara Sharma,South,Home Office,2022-11-27,120.13750277223329,13.5425
7024,36,2024-02-28,Home & Kitchen,314.83,5,0.1,229.54,Ishaan Das,South,Corporate,2022-05-18,72.90918908617348,45.908
7025,49,2024-12-08,Sports,142.58,4,0.05,120.02,Aditya Khan,East,Consumer,2023-04-26,84.17730396970121,30.005
7026,62,2024-08-07,Home & Kitchen,82.08,3,0.0,99.6,Sai Gupta,North,Home Office,2023-05-31,121.34502923976606,33.199999999999996
7027,68,2024-05-29,Beauty,23.63,7,0.05,64.84,Myra Patel,Central,Consumer,2024-04-12,274.39695302581464,9.262857142857143
7028,53,2024-02-25,Beauty,68.78,1,0.1,21.78,Aarav Iyer,South,Consumer,2023-05-09,31.666182029659783,21.78
7029,28,2024-04-09,Clothing,59.71,3,0.05,41.61,Pooja Patel,West,Corporate,2023-03-19,69.68681962820298,13.87
7030,12,2024-10-08,Electronics,162.91,7,0.05,453.68,Sneha Verma,Unknown,Consumer,2022-11-01,278.48505309680195,64.81142857142858
7031,49,2024-11-01,Clothing,69.59,5,0.0,144.37,Aditya Khan,East,Consumer,2023-04-26,207.45796809886477,28.874000000000002
7032,37,2024-07-20,Electronics,288.11,7,0.1,465.65,Riya Reddy,Central,Consumer,2023-08-25,161.62229703932525,66.52142857142857
7033,10,2024-05-27,Clothing,92.52,1,0.1,26.36,Sai Patel,West,Consumer,2022-07-06,28.491137051448334,26.36
7034,31,2024-04-19,Books,30.38,4,0.0,19.96,Sai Das,North,Corporate,2023-11-05,65.70111915734036,4.99
7035,12,2024-01-07,Clothing,88.05,6,0.15,142.74,Sneha Verma,Unknown,Consumer,2022-11-01,162.1124361158433,23.790000000000003
7036,19,2024-10-26,Home & Kitchen,194.74,5,0.15,329.29,Isha Nair,Central,Consumer,2022-11-20,169.0921228304406,65.858
7037,48,2024-10-27,Books,9.12,5,0.05,8.18,Aditya Patel,Central,Home Office,2023-07-05,89.69298245614036,1.636
7038,59,2024-04-19,Sports,255.78,3,0.1,125.63,Arun Verma,West,Consumer,2022-09-14,49.11642818046759,41.876666666666665
7039,20,2024-07-18,Sports,240.2,4,0.3,201.53,Karthik Reddy,North,Corporate,2022-11-16,83.90091590341383,50.3825
7040,29,2024-04-12,Electronics,1134.44,5,0.15,-1940.25,Vihaan Gupta,South,Home Office,2022-09-17,-171.03152216071365,-388.05
7041,57,2024-12-26,Electronics,683.6,6,0.1,1510.31,Vivaan Patel,North,Home Office,2023-04-20,220.93475716793444,251.71833333333333
7042,39,2024-07-20,Clothing,145.99,5,0.0,227.81,Kiara Verma,Central,Consumer,2022-06-02,156.04493458456056,45.562
7043,25,2024-03-20,Books,55.85,6,0.15,64.32,Sai Iyer,North,Consumer,2023-07-17,115.16562220232764,10.719999999999999
7044,28,2024-09-08,Beauty,9.86,6,0.1,11.88,Pooja Patel,West,Corporate,2023-03-19,120.48681541582151,1.9800000000000002
7045,69,2024-02-10,Beauty,91.77,1,0.05,35.4,Rahul Gupta,North,Unknown,2022-02-02,38.57469761359922,35.4
7046,18,2024-07-26,Books,52.78,7,0.0,56.48,Krishna Khan,South,Corporate,2024-04-16,107.01023114816218,8.068571428571428
7047,28,2024-06-02,Clothing,82.77,1,0.2,25.71,Pooja Patel,West,Corporate,2023-03-19,31.061978977890544,25.71
7048,66,2024-10-12,Clothing,41.63,7,0.15,100.07,Myra Patel,South,Corporate,2023-10-23,240.37953398991107,14.295714285714284
7049,32,2024-11-30,Beauty,101.06,7,0.15,260.18,Saanvi Nair,West,Consumer,2024-02-11,257.45101919651694,37.16857142857143
7050,60,2024-06-26,Beauty,113.97,3,0.2,113.44,Priya Singh,Central,Corporate,2022-01-21,99.5349653417566,37.81333333333333
7051,39,2024-07-25,Sports,182.74,6,0.0,314.21,Kiara Verma,Central,Consumer,2022-06-02,171.94374521177627,52.36833333333333
7052,21,2024-05-01,Clothing,64.21,4,0.05,76.68,Deepak Singh,North,Consumer,2024-06-03,119.42065098894254,19.17
7053,12,2024-08-28,Clothing,59.12,1,0.05,13.59,Sneha Verma,Unknown,Consumer,2022-11-01,22.987144790257105,13.59
7054,67,2024-05-08,Beauty,12.32,4,0.1,15.06,Saanvi Iyer,Central,Home Office,2023-02-15,122.24025974025975,3.765
7055,3,2024-09-05,Clothing,72.37,2,0.1,55.45,Saanvi Reddy,South,Consumer,2023-09-01,76.62014646953156,27.725
7056,65,2024-10-30,Beauty,40.83,6,0.05,84.84,Pooja Iyer,North,Consumer,2024-01-16,207.78839088905218,14.14
7057,28,2024-02-02,Electronics,853.18,2,0.05,363.95,Pooja Patel,West,Corporate,2023-03-19,42.65805574439157,181.975
7058,65,2024-08-28,Beauty,113.9,7,0.1,261.8,Pooja Iyer,North,Consumer,2024-01-16,229.8507462686567,37.4
7059,9,2024-11-08,Beauty,65.66,4,0.15,63.23,Karthik Patel,West,Consumer,2022-09-13,96.29911666159,15.8075
7060,69,2024-05-13,Clothing,78.26,3,0.15,87.11,Rahul Gupta,North,Unknown,2022-02-02,111.30845898287758,29.036666666666665
7061,5,2024-06-22,Electronics,1018.75,1,0.1,-134.7,Rahul Reddy,North,Consumer,2022-04-10,-13.22208588957055,-134.7
7062,34,2024-06-12,Home & Kitchen,366.08,2,0.0,261.98,Naveen Sharma,South,Home Office,2022-05-17,71.56359265734267,130.99
7063,52,2024-08-04,Clothing,149.24,2,0.1,60.86,Myra Gupta,West,Consumer,2023-10-01,40.77995175556151,30.43
7064,59,2024-01-31,Clothing,147.48,1,0.1,45.79,Arun Verma,West,Consumer,2022-09-14,31.048277732573908,45.79
7065,46,2024-12-19,Home & Kitchen,370.18,6,0.0,402.18,Naveen Khan,South,Consumer,2023-09-02,108.64444324382734,67.03
7066,69,2024-06-03,Electronics,159.32,3,0.1,73.29,Rahul Gupta,North,Unknown,2022-02-02,46.00175746924429,24.430000000000003
7067,12,2024-02-13,Sports,213.25,7,0.05,502.4,Sneha Verma,Unknown,Consumer,2022-11-01,235.59202813599063,71.77142857142857
7068,38,2024-03-15,Electronics,336.19,2,0.0,151.19,Isha Singh,Central,Corporate,2023-01-19,44.97159344418335,75.595
7069,59,2024-05-01,Clothing,64.76,3,0.0,29.92,Arun Verma,West,Consumer,2022-09-14,46.20135886349598,9.973333333333334
7070,15,2024-12-14,Electronics,540.67,6,0.15,1163.74,Reyansh Verma,West,Consumer,2023-06-24,215.2403499361903,193.95666666666668
7071,48,2024-07-07,Electronics,237.7,4,0.3,255.25,Aditya Patel,Central,Home Office,2023-07-05,107.3832562053008,63.8125
7072,12,2024-07-31,Clothing,111.81,1,0.2,28.22,Sneha Verma,Unknown,Consumer,2022-11-01,25.239245148018956,28.22
7073,31,2024-09-15,Home & Kitchen,397.69,1,0.1,66.94,Sai Das,North,Corporate,2023-11-05,16.832205989589884,66.94
7074,12,2024-01-27,Beauty,65.59,5,0.05,93.7,Sneha Verma,Unknown,Consumer,2022-11-01,142.85714285714286,18.740000000000002
7075,3,2024-04-18,Home & Kitchen,254.96,1,0.1,-35.1,Saanvi Reddy,South,Consumer,2023-09-01,-13.766865390649514,-35.1
7076,24,2024-02-02,Clothing,125.71,3,0.1,87.9,Vihaan Verma,South,Corporate,2023-04-27,69.92283827857769,29.3
7077,17,2024-12-11,Clothing,38.81,4,0.3,16.55,Ishaan Das,North,Consumer,2022-11-12,42.64364854418964,4.1375
7078,33,2024-08-18,Clothing,125.48,6,0.0,182.74,Naveen Das,West,Consumer,2024-05-05,145.63277016257572,30.456666666666667
7079,49,2024-03-26,Books,34.99,6,0.0,54.17,Aditya Khan,East,Consumer,2023-04-26,154.81566161760503,9.028333333333334
7080,8,2024-06-18,Home & Kitchen,235.3,2,0.15,76.04,Isha Reddy,East,Consumer,2024-02-05,32.31619209519762,38.02
7081,66,2024-05-28,Electronics,1119.24,7,0.05,2900.87,Myra Patel,South,Corporate,2023-10-23,259.18212358386046,414.40999999999997
7082,14,2024-10-06,Home & Kitchen,295.89,5,0.05,264.25,Reyansh Das,West,Consumer,2022-08-11,89.30683700023658,52.85
7083,49,2024-06-03,Home & Kitchen,399.41,2,0.0,348.65,Aditya Khan,East,Consumer,2023-04-26,87.29125460053578,174.325
7084,42,2024-09-08,Home & Kitchen,271.25,7,0.1,538.56,Ishaan Reddy,East,Consumer,2024-02-09,198.54746543778802,76.93714285714285
7085,20,2024-12-21,Home & Kitchen,73.43,3,0.1,71.71,Karthik Reddy,North,Corporate,2022-11-16,97.65763311997819,23.903333333333332
7086,24,2024-11-12,Home & Kitchen,348.16,3,0.15,304.63,Vihaan Verma,South,Corporate,2023-04-27,87.49712775735293,101.54333333333334
7087,12,2024-07-22,Clothing,57.03,4,0.05,80.15,Sneha Verma,Unknown,Consumer,2022-11-01,140.54006663159743,20.0375
7088,50,2024-07-15,Electronics,379.81,1,0.0,165.53,Deepak Khan,Central,Consumer,2023-02-08,43.58231747452674,165.53
7089,34,2024-12-06,Electronics,67.58,2,0.0,20.41,Naveen Sharma,South,Home Office,2022-05-17,30.201242971293286,10.205
7090,3,2024-07-14,Books,7.65,1,0.0,1.88,Saanvi Reddy,South,Consumer,2023-09-01,24.57516339869281,1.88
7091,60,2024-12-11,Clothing,139.53,5,0.05,184.17,Priya Singh,Central,Corporate,2022-01-21,131.99311975919156,36.833999999999996
7092,14,2024-05-05,Books,27.91,2,0.0,-17.61,Reyansh Das,West,Consumer,2022-08-11,-63.09566463633106,-8.805
7093,69,2024-04-10,Home & Kitchen,129.14,4,0.05,90.73,Rahul Gupta,North,Unknown,2022-02-02,70.25708533374633,22.6825
7094,41,2024-06-20,Home & Kitchen,306.06,5,0.0,263.95,Ananya Iyer,Central,Corporate,2024-05-16,86.24125988368293,52.79
7095,65,2024-11-18,Books,47.19,5,0.05,53.91,Pooja Iyer,North,Consumer,2024-01-16,114.24030514939605,10.782
7096,50,2024-03-18,Electronics,721.47,6,0.0,1107.2,Deepak Khan,Central,Consumer,2023-02-08,153.4644545164733,184.53333333333333
7097,40,2024-12-16,Electronics,191.56,3,0.1,144.39,Kiara Gupta,North,Corporate,2024-01-18,75.37586134892462,48.129999999999995
7098,15,2024-02-14,Home & Kitchen,390.29,2,0.15,123.09,Reyansh Verma,West,Consumer,2023-06-24,31.538087063465625,61.545
7099,11,2024-09-19,Beauty,7.42,1,0.0,1.56,Riya Verma,South,Corporate,2024-02-20,21.024258760107816,1.56
7100,27,2024-01-03,Home & Kitchen,331.72,1,0.15,115.08,Rahul Singh,South,Unknown,2023-02-15,34.69190883877969,115.08
7101,11,2024-11-11,Electronics,839.43,6,0.15,831.11,Riya Verma,South,Corporate,2024-02-20,99.00885124429674,138.51833333333335
7102,59,2024-02-01,Clothing,16.6,7,0.15,41.27,Arun Verma,West,Consumer,2022-09-14,248.61445783132532,5.895714285714286
7103,67,2024-03-28,Clothing,81.37,7,0.0,171.63,Saanvi Iyer,Central,Home Office,2023-02-15,210.92540248248736,24.518571428571427
7104,9,2024-11-08,Clothing,26.45,4,0.1,36.23,Karthik Patel,West,Consumer,2022-09-13,136.97542533081284,9.0575
7105,35,2024-09-15,Electronics,457.83,4,0.05,437.42,Reyansh Nair,South,Corporate,2023-06-04,95.54201341109146,109.355
7106,61,2024-10-28,Beauty,20.99,6,0.15,32.8,Aditya Sharma,West,Corporate,2023-12-18,156.26488804192473,5.466666666666666
7107,54,2024-04-16,Home & Kitchen,111.73,1,0.2,22.58,Aarav Nair,West,Corporate,2023-01-13,20.209433455652015,22.58
7108,41,2024-10-04,Sports,93.58,2,0.05,27.68,Ananya Iyer,Central,Corporate,2024-05-16,29.578969865355848,13.84
7109,43,2024-03-28,Home & Kitchen,370.77,7,0.0,581.89,Kiara Sharma,South,Home Office,2022-11-27,156.94096070340103,83.12714285714286
7110,40,2024-07-05,Sports,77.16,1,0.05,22.76,Kiara Gupta,North,Corporate,2024-01-18,29.49714878175221,22.76
7111,67,2024-07-22,Books,40.85,3,0.15,23.31,Saanvi Iyer,Central,Home Office,2023-02-15,57.06242350061199,7.77
7112,57,2024-07-27,Beauty,110.37,1,0.05,45.19,Vivaan Patel,North,Home Office,2023-04-20,40.9440971278427,45.19
7113,55,2024-04-09,Clothing,125.66,6,0.05,-521.4,Pooja Gupta,Unknown,Unknown,2022-04-17,-414.92917396148334,-86.89999999999999
7114,31,2024-07-10,Electronics,533.97,1,0.05,210.5,Sai Das,North,Corporate,2023-11-05,39.42169035713617,210.5
7115,35,2024-04-28,Sports,35.69,6,0.2,65.81,Reyansh Nair,South,Corporate,2023-06-04,184.3933875035024,10.968333333333334
7116,67,2024-09-20,Clothing,93.34,4,0.05,56.17,Saanvi Iyer,Central,Home Office,2023-02-15,60.17784443968288,14.0425
7117,27,2024-01-24,Beauty,75.24,3,0.1,85.67,Rahul Singh,South,Unknown,2023-02-15,113.86230728335993,28.55666666666667
7118,62,2024-05-23,Home & Kitchen,314.13,3,0.3,239.74,Sai Gupta,North,Home Office,2023-05-31,76.31872154840353,79.91333333333334
7119,23,2024-11-30,Beauty,7.38,7,0.15,15.19,Pooja Verma,Unknown,Corporate,2023-03-05,205.82655826558266,2.17
7120,3,2024-09-17,Books,52.24,2,0.15,-20.52,Saanvi Reddy,South,Consumer,2023-09-01,-39.2802450229709,-10.26
7121,43,2024-03-28,Clothing,112.58,4,0.0,75.64,Kiara Sharma,South,Home Office,2022-11-27,67.18777758038729,18.91
7122,20,2024-02-17,Clothing,128.63,3,0.05,148.82,Karthik Reddy,North,Corporate,2022-11-16,115.69618285003497,49.60666666666666
7123,40,2024-11-07,Clothing,100.15,3,0.0,66.28,Kiara Gupta,North,Corporate,2024-01-18,66.18072890664004,22.093333333333334
7124,7,2024-09-21,Home & Kitchen,280.32,4,0.0,471.32,Deepak Khan,West,Consumer,2023-02-23,168.13641552511416,117.83
7125,67,2024-11-18,Books,40.23,1,0.15,9.88,Saanvi Iyer,Central,Home Office,2023-02-15,24.55878697489436,9.88
7126,43,2024-06-28,Clothing,12.86,6,0.0,19.2,Kiara Sharma,South,Home Office,2022-11-27,149.30015552099533,3.1999999999999997
7127,52,2024-03-08,Electronics,416.36,2,0.15,124.78,Myra Gupta,West,Consumer,2023-10-01,29.969257373426846,62.39
7128,54,2024-03-12,Home & Kitchen,103.42,6,0.1,462.01,Aarav Nair,West,Corporate,2023-01-13,446.7317733513827,77.00166666666667
7129,6,2024-03-07,Clothing,42.38,7,0.0,89.43,Vivaan Singh,South,Consumer,2022-10-18,211.01934874941009,12.775714285714287
7130,40,2024-12-25,Electronics,123.69,2,0.05,105.24,Kiara Gupta,North,Corporate,2024-01-18,85.08367693427115,52.62
7131,32,2024-07-18,Sports,200.94,6,0.15,166.58,Saanvi Nair,West,Consumer,2024-02-11,82.90036826913507,27.763333333333335
7132,43,2024-04-23,Electronics,841.87,3,0.2,820.79,Kiara Sharma,South,Home Office,2022-11-27,97.496050459097,273.59666666666664
7133,29,2024-03-31,Clothing,15.89,4,0.0,20.73,Vihaan Gupta,South,Home Office,2022-09-17,130.45940843297672,5.1825
7134,49,2024-06-16,Electronics,1030.28,7,0.15,2391.68,Aditya Khan,East,Consumer,2023-04-26,232.1388360445704,341.6685714285714
7135,4,2024-07-04,Beauty,110.92,1,0.2,19.54,Aditya Reddy,South,Consumer,2022-02-09,17.61630003606203,19.54
7136,4,2024-04-01,Books,20.02,4,0.15,28.89,Aditya Reddy,South,Consumer,2022-02-09,144.30569430569432,7.2225
7137,5,2024-08-10,Books,40.52,1,0.05,15.62,Rahul Reddy,North,Consumer,2022-04-10,38.54886475814412,15.62
7138,30,2024-06-02,Clothing,95.56,5,0.0,99.64,Arjun Reddy,West,Home Office,2024-05-05,104.26956885726244,19.928
7139,20,2024-03-10,Clothing,21.69,6,0.2,33.68,Karthik Reddy,North,Corporate,2022-11-16,155.2789303826648,5.613333333333333
7140,67,2024-07-06,Sports,108.84,2,0.0,42.7,Saanvi Iyer,Central,Home Office,2023-02-15,39.23190003675119,21.35
7141,14,2024-12-27,Clothing,46.15,3,0.05,28.85,Reyansh Das,West,Consumer,2022-08-11,62.513542795232944,9.616666666666667
7142,21,2024-03-09,Electronics,278.78,7,0.0,565.12,Deepak Singh,North,Consumer,2024-06-03,202.71181576870654,80.73142857142857
7143,24,2024-09-16,Home & Kitchen,394.78,4,0.1,-350.39,Vihaan Verma,South,Corporate,2023-04-27,-88.75576270327777,-87.5975
7144,50,2024-07-08,Electronics,117.91,4,0.0,78.03,Deepak Khan,Central,Consumer,2023-02-08,66.17759307946739,19.5075
7145,65,2024-03-14,Home & Kitchen,372.96,5,0.0,634.31,Pooja Iyer,North,Consumer,2024-01-16,170.07453882453882,126.862
7146,42,2024-12-28,Home & Kitchen,226.42,2,0.0,125.5,Ishaan Reddy,East,Consumer,2024-02-09,55.427965727409244,62.75
7147,53,2024-10-27,Electronics,487.03,1,0.2,125.69,Aarav Iyer,South,Consumer,2023-05-09,25.807445126583577,125.69
7148,12,2024-06-27,Electronics,492.12,5,0.05,949.7,Sneha Verma,Unknown,Consumer,2022-11-01,192.9813866536617,189.94
7149,38,2024-02-11,Clothing,74.46,3,0.15,33.36,Isha Singh,Central,Corporate,2023-01-19,44.802578565672846,11.12
7150,18,2024-11-16,Electronics,296.44,1,0.15,65.33,Krishna Khan,South,Corporate,2024-04-16,22.038186479557414,65.33
7151,43,2024-07-10,Sports,167.3,4,0.05,144.96,Kiara Sharma,South,Home Office,2022-11-27,86.64674237895996,36.24
7152,59,2024-11-04,Electronics,62.89,2,0.2,43.91,Arun Verma,West,Consumer,2022-09-14,69.82032119573859,21.955
7153,53,2024-04-06,Clothing,147.02,5,0.1,265.05,Aarav Iyer,South,Consumer,2023-05-09,180.281594340906,53.010000000000005
7154,70,2024-11-27,Electronics,749.83,2,0.05,634.54,Rohan Patel,West,Consumer,2023-03-12,84.62451489004174,317.27
7155,66,2024-04-02,Books,58.37,6,0.1,56.92,Myra Patel,South,Corporate,2023-10-23,97.51584718177146,9.486666666666666
7156,59,2024-01-31,Electronics,121.08,1,0.0,51.6,Arun Verma,West,Consumer,2022-09-14,42.616451932606545,51.6
7157,6,2024-03-31,Clothing,112.07,3,0.05,130.68,Vivaan Singh,South,Consumer,2022-10-18,116.60569287052735,43.56
7158,3,2024-08-04,Clothing,57.76,1,0.0,10.85,Saanvi Reddy,South,Consumer,2023-09-01,18.784626038781163,10.85
7159,14,2024-05-24,Sports,189.16,1,0.1,44.13,Reyansh Das,West,Consumer,2022-08-11,23.329456544724046,44.13
7160,28,2024-04-22,Clothing,88.19,5,0.05,77.91,Pooja Patel,West,Corporate,2023-03-19,88.34334958612088,15.581999999999999
7161,21,2024-10-06,Electronics,897.44,7,0.0,2005.09,Deepak Singh,North,Consumer,2024-06-03,223.4232929220895,286.44142857142856
7162,15,2024-01-12,Books,17.34,7,0.1,28.76,Reyansh Verma,West,Consumer,2023-06-24,165.85928489042675,4.1085714285714285
7163,29,2024-12-18,Beauty,86.93,-6,0.05,129.04,Vihaan Gupta,South,Home Office,2022-09-17,148.44127458874954,-21.506666666666664
7164,11,2024-11-09,Sports,75.79,5,0.2,101.12,Riya Verma,South,Corporate,2024-02-20,133.42129568544664,20.224
7165,45,2024-08-20,Clothing,101.39,6,0.15,98.89,Vivaan Gupta,West,Corporate,2022-10-21,97.53427359700167,16.481666666666666
7166,44,2024-09-30,Electronics,846.28,7,0.1,-1113.07,Divya Gupta,West,Corporate,2022-02-09,-131.52502717776622,-159.01
7167,69,2024-05-27,Clothing,17.38,1,0.0,7.53,Rahul Gupta,North,Unknown,2022-02-02,43.32566168009207,7.53
7168,46,2024-09-30,Electronics,720.9,2,0.1,426.85,Naveen Khan,South,Consumer,2023-09-02,59.210708836177005,213.425
7169,27,2024-12-16,Books,18.13,5,0.05,19.86,Rahul Singh,South,Unknown,2023-02-15,109.54219525648097,3.972
7170,11,2024-08-18,Clothing,53.48,-4,0.1,74.86,Riya Verma,South,Corporate,2024-02-20,139.9775617053104,-18.715
7171,51,2024-03-11,Home & Kitchen,286.12,3,0.05,151.49,Reyansh Sharma,Central,Consumer,2024-04-26,52.94631623095205,50.49666666666667
7172,11,2024-10-28,Electronics,1041.08,3,0.15,1148.58,Riya Verma,South,Corporate,2024-02-20,110.32581549928919,382.85999999999996
7173,6,2024-02-09,Electronics,1196.17,3,0.3,83.04,Vivaan Singh,South,Consumer,2022-10-18,6.942157051255256,27.680000000000003
7174,11,2024-09-12,Sports,48.71,1,0.0,11.9,Riya Verma,South,Corporate,2024-02-20,24.43030178608089,11.9
7175,5,2024-10-08,Clothing,57.55,3,0.0,49.68,Rahul Reddy,North,Consumer,2022-04-10,86.32493483927021,16.56
7176,13,2024-03-29,Home & Kitchen,188.67,4,0.15,250.98,Rohan Iyer,West,Consumer,2023-09-08,133.02591826999523,62.745
7177,37,2024-12-31,Books,7.29,5,0.1,5.0,Riya Reddy,Central,Consumer,2023-08-25,68.58710562414267,1.0
7178,29,2024-10-29,Home & Kitchen,255.66,4,0.2,315.77,Vihaan Gupta,South,Home Office,2022-09-17,123.51169522021435,78.9425
7179,18,2024-07-31,Clothing,148.15,2,0.0,108.1,Krishna Khan,South,Corporate,2024-04-16,72.96658791765103,54.05
7180,15,2024-02-04,Clothing,45.81,3,0.15,40.79,Reyansh Verma,West,Consumer,2023-06-24,89.0416939532853,13.596666666666666
7181,13,2024-06-16,Clothing,57.07,2,0.1,30.09,Rohan Iyer,West,Consumer,2023-09-08,52.72472402312949,15.045
7182,54,2024-12-29,Books,20.49,4,0.0,15.23,Aarav Nair,West,Corporate,2023-01-13,74.32894094680333,3.8075
7183,4,2024-01-24,Clothing,145.85,7,0.15,223.43,Aditya Reddy,South,Consumer,2022-02-09,153.1916352416867,31.91857142857143
7184,10,2024-01-01,Electronics,1055.4,2,0.1,343.58,Sai Patel,West,Consumer,2022-07-06,32.55448171309456,171.79
7185,29,2024-08-31,Books,56.93,3,0.0,56.84,Vihaan Gupta,South,Home Office,2022-09-17,99.84191111891798,18.94666666666667
7186,25,2024-12-24,Electronics,908.54,3,0.15,454.46,Sai Iyer,North,Consumer,2023-07-17,50.020912673079884,151.48666666666665
7187,12,2024-05-04,Clothing,124.24,5,0.0,104.98,Sneha Verma,Unknown,Consumer,2022-11-01,84.49774629748875,20.996000000000002
7188,37,2024-06-10,Home & Kitchen,99.92,3,0.0,108.01,Riya Reddy,Central,Consumer,2023-08-25,108.0964771817454,36.00333333333334
7189,15,2024-06-20,Clothing,67.86,3,0.1,-47.35,Reyansh Verma,West,Consumer,2023-06-24,-69.77600943118185,-15.783333333333333
7190,37,2024-11-08,Electronics,347.67,6,0.0,487.18,Riya Reddy,Central,Consumer,2023-08-25,140.12713205050767,81.19666666666667
7191,23,2024-04-17,Sports,163.65,1,0.3,48.19,Pooja Verma,Unknown,Corporate,2023-03-05,29.446990528567063,48.19
7192,67,2024-05-27,Books,48.5,2,0.1,19.01,Saanvi Iyer,Central,Home Office,2023-02-15,39.1958762886598,9.505
7193,13,2024-03-04,Electronics,313.21,7,0.0,377.16,Rohan Iyer,West,Consumer,2023-09-08,120.41761118738228,53.88
7194,9,2024-12-04,Books,14.49,3,0.1,15.04,Karthik Patel,West,Consumer,2022-09-13,103.79572118702553,5.013333333333333
7195,51,2024-07-21,Beauty,117.39,6,0.05,126.63,Reyansh Sharma,Central,Consumer,2024-04-26,107.87119856887297,21.105
7196,32,2024-07-01,Home & Kitchen,378.72,5,0.05,804.22,Saanvi Nair,West,Consumer,2024-02-11,212.3521335023236,160.844
7197,41,2024-01-02,Electronics,543.41,3,0.0,430.96,Ananya Iyer,Central,Corporate,2024-05-16,79.30660090907418,143.65333333333334
7198,22,2024-03-16,Home & Kitchen,373.18,5,0.0,290.46,Isha Das,Unknown,Consumer,2022-03-18,77.8337531486146,58.092
7199,57,2024-02-02,Home & Kitchen,357.18,6,0.15,730.96,Vivaan Patel,North,Home Office,2023-04-20,204.64751665826753,121.82666666666667
7200,12,2024-10-24,Home & Kitchen,178.24,2,0.15,98.04,Sneha Verma,Unknown,Consumer,2022-11-01,55.00448833034112,49.02
7201,36,2024-08-03,Beauty,54.13,2,0.0,37.06,Ishaan Das,South,Corporate,2022-05-18,68.46480694624053,18.53
7202,1,2024-08-27,Beauty,13.12,3,0.05,14.09,Ananya Das,East,Corporate,2023-08-19,107.39329268292683,4.696666666666666
7203,49,2024-04-10,Electronics,885.21,-6,0.0,1475.98,Aditya Khan,East,Consumer,2023-04-26,166.73783621965407,-245.99666666666667
7204,64,2024-06-22,Clothing,77.37,2,0.2,54.98,Arun Singh,West,Corporate,2022-02-19,71.06113480677264,27.49
7205,2,2024-12-06,Clothing,13.93,7,0.0,42.11,Aarav Sharma,South,Consumer,2022-03-15,302.2972002871501,6.015714285714286
7206,70,2024-08-27,Home & Kitchen,23.97,6,0.3,39.79,Rohan Patel,West,Consumer,2023-03-12,165.99916562369629,6.631666666666667
7207,15,2024-11-23,Electronics,64.47,4,0.0,99.68,Reyansh Verma,West,Consumer,2023-06-24,154.61454940282303,24.92
7208,24,2024-07-15,Books,56.13,3,0.2,50.92,Vihaan Verma,South,Corporate,2023-04-27,90.71797612684838,16.973333333333333
7209,17,2024-08-09,Electronics,545.81,4,0.0,728.68,Ishaan Das,North,Consumer,2022-11-12,133.5043330096554,182.17
7210,30,2024-06-20,Electronics,822.67,2,0.15,458.42,Arjun Reddy,West,Home Office,2024-05-05,55.72343710114627,229.21
7211,28,2024-06-24,Books,34.14,2,0.1,13.2,Pooja Patel,West,Corporate,2023-03-19,38.664323374340945,6.6
7212,18,2024-01-11,Home & Kitchen,270.95,3,0.05,283.59,Krishna Khan,South,Corporate,2024-04-16,104.66506735560066,94.52999999999999
7213,35,2024-03-09,Electronics,887.04,1,0.0,263.9,Reyansh Nair,South,Corporate,2023-06-04,29.750631313131308,263.9
7214,21,2024-11-19,Electronics,982.44,1,0.0,346.26,Deepak Singh,North,Consumer,2024-06-03,35.244900451936,346.26
7215,5,2024-06-25,Home & Kitchen,281.26,2,0.0,149.65,Rahul Reddy,North,Consumer,2022-04-10,53.206997084548114,74.825
7216,47,2024-11-17,Home & Kitchen,59.21,5,0.0,116.53,Divya Sharma,East,Corporate,2022-10-14,196.80797162641446,23.306
7217,12,2024-02-25,Beauty,43.57,4,0.1,32.95,Sneha Verma,Unknown,Consumer,2022-11-01,75.62543034197843,8.2375
7218,57,2024-02-09,Books,50.45,2,0.0,31.79,Vivaan Patel,North,Home Office,2023-04-20,63.01288404360753,15.895
7219,24,2024-04-14,Sports,38.38,2,0.2,12.69,Vihaan Verma,South,Corporate,2023-04-27,33.06409588327253,6.345
7220,7,2024-10-12,Books,41.61,6,0.0,68.16,Deepak Khan,West,Consumer,2023-02-23,163.80677721701514,11.36
7221,2,2024-08-27,Books,44.26,5,0.15,54.62,Aarav Sharma,South,Consumer,2022-03-15,123.40713962946226,10.924
7222,3,2024-02-24,Electronics,178.66,1,0.0,72.57,Saanvi Reddy,South,Consumer,2023-09-01,40.619052949736925,72.57
7223,17,2024-07-28,Clothing,76.53,1,0.1,24.7,Ishaan Das,North,Consumer,2022-11-12,32.2749248660656,24.7
7224,14,2024-06-27,Electronics,847.92,7,0.05,950.75,Reyansh Das,West,Consumer,2022-08-11,112.12732333238986,135.82142857142858
7225,68,2024-06-24,Books,16.8,1,0.05,6.91,Myra Patel,Central,Consumer,2024-04-12,41.13095238095238,6.91
7226,63,2024-06-29,Clothing,36.91,5,0.15,36.57,Tara Das,East,Home Office,2023-02-06,99.07884042264969,7.314
7227,45,2024-11-24,Electronics,283.7,6,0.3,224.63,Vivaan Gupta,West,Corporate,2022-10-21,79.17870990482905,37.43833333333333
7228,46,2024-05-20,Electronics,1168.62,7,0.0,3046.0,Naveen Khan,South,Consumer,2023-09-02,260.64931286474643,435.14285714285717
7229,38,2024-04-14,Sports,72.97,2,0.15,43.16,Isha Singh,Central,Corporate,2023-01-19,59.147594902014525,21.58
7230,58,2024-02-21,Sports,49.89,1,0.1,-5.1,Karthik Das,West,Consumer,2024-06-07,-10.222489476849066,-5.1
7231,36,2024-08-27,Electronics,1022.96,4,0.0,1281.28,Ishaan Das,South,Corporate,2022-05-18,125.25220927504496,320.32
7232,50,2024-08-05,Books,33.67,5,0.0,52.06,Deepak Khan,Central,Consumer,2023-02-08,154.61835461835463,10.412
7233,20,2024-08-03,Sports,103.42,6,0.1,250.28,Karthik Reddy,North,Corporate,2022-11-16,242.00348095146006,41.71333333333333
7234,61,2024-02-28,Books,27.68,5,0.05,51.31,Aditya Sharma,West,Corporate,2023-12-18,185.3684971098266,10.262
7235,1,2024-11-11,Home & Kitchen,361.86,4,0.15,502.68,Ananya Das,East,Corporate,2023-08-19,138.9156027192837,125.67
7236,23,2024-04-01,Sports,285.85,1,0.05,63.25,Pooja Verma,Unknown,Corporate,2023-03-05,22.126989679902046,63.25
7237,7,2024-04-18,Beauty,14.97,3,0.05,15.69,Deepak Khan,West,Consumer,2023-02-23,104.80961923847694,5.2299999999999995
7238,25,2024-05-03,Books,19.96,2,0.05,12.9,Sai Iyer,North,Consumer,2023-07-17,64.62925851703407,6.45
7239,57,2024-06-04,Home & Kitchen,84.53,5,0.1,-42.54,Vivaan Patel,North,Home Office,2023-04-20,-50.32532828581569,-8.508
7240,18,2024-12-21,Home & Kitchen,194.79,3,0.05,95.46,Krishna Khan,South,Corporate,2024-04-16,49.00662251655629,31.819999999999997
7241,62,2024-06-21,Beauty,110.65,3,0.05,113.39,Sai Gupta,North,Home Office,2023-05-31,102.47627654767284,37.79666666666667
7242,46,2024-12-29,Clothing,115.77,5,0.0,156.61,Naveen Khan,South,Consumer,2023-09-02,135.2768420143388,31.322000000000003
7243,52,2024-01-23,Clothing,121.07,2,0.15,54.96,Myra Gupta,West,Consumer,2023-10-01,45.395225902370534,27.48
7244,2,2024-01-02,Sports,108.86,1,0.05,28.9,Aarav Sharma,South,Consumer,2022-03-15,26.54785963623002,28.9
7245,43,2024-08-08,Home & Kitchen,308.42,3,0.1,341.59,Kiara Sharma,South,Home Office,2022-11-27,110.75481486284934,113.86333333333333
7246,63,2024-09-11,Home & Kitchen,147.48,7,0.1,248.55,Tara Das,East,Home Office,2023-02-06,168.53132628152972,35.50714285714286
7247,37,2024-01-15,Sports,117.04,7,0.0,167.12,Riya Reddy,Central,Consumer,2023-08-25,142.7887901572112,23.874285714285715
7248,4,2024-07-03,Clothing,49.96,2,0.05,28.43,Aditya Reddy,South,Consumer,2022-02-09,56.905524419535624,14.215
7249,48,2024-07-12,Beauty,104.43,1,0.1,37.73,Aditya Patel,Central,Home Office,2023-07-05,36.12946471320501,37.73
7250,7,2024-12-11,Books,52.94,4,0.05,67.9,Deepak Khan,West,Consumer,2023-02-23,128.25840574234985,16.975
7251,29,2024-03-08,Electronics,282.13,6,0.15,241.7,Vihaan Gupta,South,Home Office,2022-09-17,85.66972672172403,40.28333333333333
7252,54,2024-04-19,Books,46.45,5,0.15,87.57,Aarav Nair,West,Corporate,2023-01-13,188.5252960172228,17.514
7253,48,2024-10-30,Home & Kitchen,387.21,3,0.0,404.63,Aditya Patel,Central,Home Office,2023-07-05,104.49885075282148,134.87666666666667
7254,6,2024-10-12,Beauty,67.25,7,0.15,128.71,Vivaan Singh,South,Consumer,2022-10-18,191.39033457249073,18.38714285714286
7255,15,2024-08-01,Home & Kitchen,174.98,6,0.0,397.33,Reyansh Verma,West,Consumer,2023-06-24,227.07166533318093,66.22166666666666
7256,27,2024-04-16,Sports,228.48,2,0.0,-293.91,Rahul Singh,South,Unknown,2023-02-15,-128.6370798319328,-146.955
7257,11,2024-01-11,Home & Kitchen,60.85,4,0.0,96.56,Riya Verma,South,Corporate,2024-02-20,158.68529170090386,24.14
7258,16,2024-05-26,Electronics,866.31,2,0.05,393.56,Myra Sharma,East,Corporate,2024-03-26,45.42946520298739,196.78
7259,32,2024-04-26,Clothing,123.85,3,0.0,108.16,Saanvi Nair,West,Consumer,2024-02-11,87.33144933387163,36.053333333333335
7260,40,2024-08-26,Clothing,98.12,7,0.1,200.67,Kiara Gupta,North,Corporate,2024-01-18,204.51487973909494,28.667142857142856
7261,25,2024-02-26,Home & Kitchen,26.34,7,0.15,70.26,Sai Iyer,North,Consumer,2023-07-17,266.74259681093395,10.037142857142857
7262,22,2024-08-29,Sports,108.14,4,0.0,186.52,Isha Das,Unknown,Consumer,2022-03-18,172.4801183650823,46.63
7263,17,2024-02-20,Clothing,108.27,2,0.1,-35.43,Ishaan Das,North,Consumer,2022-11-12,-32.723746190080355,-17.715
7264,13,2024-08-09,Beauty,48.65,1,0.1,9.21,Rohan Iyer,West,Consumer,2023-09-08,18.9311408016444,9.21
7265,12,2024-03-04,Books,24.09,5,0.1,19.04,Sneha Verma,Unknown,Consumer,2022-11-01,79.03694479036945,3.808
7266,56,2024-06-27,Books,13.91,2,0.1,9.93,Myra Singh,West,Consumer,2023-01-27,71.38749101365923,4.965
7267,15,2024-11-29,Books,20.43,7,0.0,28.31,Reyansh Verma,West,Consumer,2023-06-24,138.570729319628,4.0442857142857145
7268,6,2024-12-08,Beauty,69.49,1,0.05,27.93,Vivaan Singh,South,Consumer,2022-10-18,40.192833501223205,27.93
7269,6,2024-02-28,Beauty,52.84,6,0.0,119.89,Vivaan Singh,South,Consumer,2022-10-18,226.89250567751702,19.981666666666666
7270,34,2024-07-05,Home & Kitchen,216.23,4,0.0,304.4,Naveen Sharma,South,Home Office,2022-05-17,140.77602552837257,76.1
7271,10,2024-05-02,Electronics,70.59,6,0.05,73.33,Sai Patel,West,Consumer,2022-07-06,103.88156962742596,12.221666666666666
7272,31,2024-10-03,Home & Kitchen,259.63,3,0.1,183.79,Sai Das,North,Corporate,2023-11-05,70.78920001540654,61.26333333333333
7273,5,2024-11-08,Home & Kitchen,248.96,1,0.0,89.72,Rahul Reddy,North,Consumer,2022-04-10,36.0379177377892,89.72
7274,11,2024-08-02,Electronics,855.04,3,0.0,1132.91,Riya Verma,South,Corporate,2024-02-20,132.49789483532936,377.6366666666667
7275,65,2024-07-23,Beauty,42.25,1,0.15,5.47,Pooja Iyer,North,Consumer,2024-01-16,12.946745562130177,5.47
7276,65,2024-04-08,Home & Kitchen,55.71,5,0.0,123.42,Pooja Iyer,North,Consumer,2024-01-16,221.54011847065158,24.684
7277,57,2024-11-02,Clothing,17.99,1,0.0,2.72,Vivaan Patel,North,Home Office,2023-04-20,15.119510839355199,2.72
7278,35,2024-09-19,Beauty,10.94,7,0.0,18.09,Reyansh Nair,South,Corporate,2023-06-04,165.3564899451554,2.584285714285714
7279,47,2024-10-14,Electronics,1025.16,2,0.05,83.04,Divya Sharma,East,Corporate,2022-10-14,8.10019899332787,41.52
7280,32,2024-02-08,Home & Kitchen,209.04,3,0.1,94.76,Saanvi Nair,West,Consumer,2024-02-11,45.3310371220819,31.58666666666667
7281,40,2024-12-05,Books,52.98,7,0.1,140.68,Kiara Gupta,North,Corporate,2024-01-18,265.53416383540963,20.09714285714286
7282,44,2024-05-20,Electronics,782.46,1,0.2,219.0,Divya Gupta,West,Corporate,2022-02-09,27.988651177056973,219.0
7283,61,2024-07-28,Beauty,52.7,3,0.1,26.34,Aditya Sharma,West,Corporate,2023-12-18,49.981024667931685,8.78
7284,59,2024-10-31,Electronics,715.18,4,0.0,853.4,Arun Verma,West,Consumer,2022-09-14,119.32660309292767,213.35
7285,9,2024-07-18,Sports,237.88,1,0.05,62.5,Karthik Patel,West,Consumer,2022-09-13,26.27375147133008,62.5
7286,1,2024-10-10,Electronics,189.97,4,0.1,280.26,Ananya Das,East,Corporate,2023-08-19,147.52855714060112,70.065
7287,34,2024-08-22,Home & Kitchen,352.82,7,0.0,376.6,Naveen Sharma,South,Home Office,2022-05-17,106.73998072671618,53.800000000000004
7288,22,2024-11-28,Sports,150.73,4,0.0,154.41,Isha Das,Unknown,Consumer,2022-03-18,102.44145160220262,38.6025
7289,67,2024-03-03,Electronics,1078.93,2,0.1,640.48,Saanvi Iyer,Central,Home Office,2023-02-15,59.36251656733986,320.24
7290,19,2024-08-09,Home & Kitchen,228.52,5,0.3,154.08,Isha Nair,Central,Consumer,2022-11-20,67.42517066339927,30.816000000000003
7291,48,2024-09-29,Electronics,297.72,2,0.05,-376.61,Aditya Patel,Central,Home Office,2023-07-05,-126.4980518608088,-188.305
7292,57,2024-08-12,Clothing,132.63,3,0.0,104.41,Vivaan Patel,North,Home Office,2023-04-20,78.7227625725703,34.803333333333335
7293,30,2024-10-29,Beauty,61.18,1,0.15,23.06,Arjun Reddy,West,Home Office,2024-05-05,37.692056227525335,23.06
7294,44,2024-11-23,Sports,244.49,2,0.05,82.62,Divya Gupta,West,Corporate,2022-02-09,33.792793161274496,41.31
7295,22,2024-10-07,Electronics,359.83,1,0.0,151.77,Isha Das,Unknown,Consumer,2022-03-18,42.17825084067477,151.77
7296,66,2024-09-12,Sports,52.14,4,0.15,45.98,Myra Patel,South,Corporate,2023-10-23,88.1856540084388,11.495
7297,53,2024-09-30,Sports,225.16,1,0.1,53.7,Aarav Iyer,South,Consumer,2023-05-09,23.849706875111035,53.7
7298,6,2024-09-08,Home & Kitchen,301.25,4,0.05,484.14,Vivaan Singh,South,Consumer,2022-10-18,160.7103734439834,121.035
7299,38,2024-02-16,Electronics,360.83,3,0.0,483.35,Isha Singh,Central,Corporate,2023-01-19,133.95504808358507,161.11666666666667
7300,55,2024-06-28,Home & Kitchen,17.16,2,0.05,13.65,Pooja Gupta,Unknown,Unknown,2022-04-17,79.54545454545455,6.825
7301,34,2024-04-10,Electronics,679.44,4,0.0,894.58,Naveen Sharma,South,Home Office,2022-05-17,131.66431178617685,223.645
7302,51,2024-10-30,Electronics,84.98,2,0.05,36.62,Reyansh Sharma,Central,Consumer,2024-04-26,43.092492351141445,18.31
7303,34,2024-10-16,Sports,116.01,3,0.0,113.7,Naveen Sharma,South,Home Office,2022-05-17,98.00879234548746,37.9
7304,41,2024-03-17,Electronics,530.85,1,0.15,129.95,Ananya Iyer,Central,Corporate,2024-05-16,24.47960817556748,129.95
7305,37,2024-03-27,Clothing,138.62,1,0.05,35.89,Riya Reddy,Central,Consumer,2023-08-25,25.890924830471796,35.89
7306,18,2024-12-16,Sports,178.84,2,0.15,74.78,Krishna Khan,South,Corporate,2024-04-16,41.81391187653769,37.39
7307,36,2024-09-19,Electronics,938.26,4,0.05,1466.82,Ishaan Das,South,Corporate,2022-05-18,156.33406518449044,366.705
7308,17,2024-08-05,Clothing,116.73,7,0.15,289.63,Ishaan Das,North,Consumer,2022-11-12,248.11959222136554,41.37571428571429
7309,19,2024-12-29,Clothing,148.15,1,0.1,47.57,Isha Nair,Central,Consumer,2022-11-20,32.10934863314209,47.57
7310,17,2024-01-18,Clothing,85.77,7,0.1,232.52,Ishaan Das,North,Consumer,2022-11-12,271.0971202052,33.21714285714286
7311,3,2024-11-25,Clothing,109.35,6,0.15,225.85,Saanvi Reddy,South,Consumer,2023-09-01,206.53863740283492,37.641666666666666
7312,22,2024-11-20,Home & Kitchen,77.94,3,0.2,42.67,Isha Das,Unknown,Consumer,2022-03-18,54.747241467795746,14.223333333333334
7313,8,2024-11-28,Electronics,317.22,2,0.05,153.84,Isha Reddy,East,Consumer,2024-02-05,48.496311707962924,76.92
7314,19,2024-12-11,Sports,57.7,5,0.05,68.54,Isha Nair,Central,Consumer,2022-11-20,118.78682842287695,13.708000000000002
7315,37,2024-03-16,Home & Kitchen,145.44,1,0.2,31.67,Riya Reddy,Central,Consumer,2023-08-25,21.775302530253025,31.67
7316,68,2024-10-23,Beauty,95.71,5,0.15,95.74,Myra Patel,Central,Consumer,2024-04-12,100.03134468707555,19.148
7317,19,2024-01-24,Books,58.88,4,0.0,77.72,Isha Nair,Central,Consumer,2022-11-20,131.99728260869566,19.43
7318,62,2024-06-06,Beauty,68.71,3,0.0,76.92,Sai Gupta,North,Home Office,2023-05-31,111.94877019356717,25.64
7319,10,2024-11-06,Electronics,710.32,3,0.1,438.04,Sai Patel,West,Consumer,2022-07-06,61.66798062844915,146.01333333333335
7320,1,2024-09-10,Electronics,104.56,6,0.1,103.89,Ananya Das,East,Corporate,2023-08-19,99.35921958684008,17.315
7321,18,2024-10-13,Electronics,919.06,7,0.1,-2428.77,Krishna Khan,South,Corporate,2024-04-16,-264.26675081061086,-346.96714285714285
7322,64,2024-09-17,Books,56.88,1,0.0,23.83,Arun Singh,West,Corporate,2022-02-19,41.89521800281293,23.83
7323,54,2024-09-07,Beauty,109.93,7,0.0,168.94,Aarav Nair,West,Corporate,2023-01-13,153.6796143000091,24.134285714285713
7324,65,2024-03-19,Electronics,75.12,6,0.15,144.75,Pooja Iyer,North,Consumer,2024-01-16,192.6916932907348,24.125
7325,47,2024-04-24,Books,35.64,3,0.0,27.95,Divya Sharma,East,Corporate,2022-10-14,78.42312008978676,9.316666666666666
7326,35,2024-05-03,Sports,243.3,3,0.1,194.49,Reyansh Nair,South,Corporate,2023-06-04,79.9383477188656,64.83
7327,2,2024-01-24,Electronics,1099.09,1,0.15,325.59,Aarav Sharma,South,Consumer,2022-03-15,29.62359770355476,325.59
7328,29,2024-04-04,Sports,88.24,6,0.1,199.57,Vihaan Gupta,South,Home Office,2022-09-17,226.16727107887579,33.26166666666666
7329,16,2024-02-14,Clothing,21.31,6,0.15,44.13,Myra Sharma,East,Corporate,2024-03-26,207.08587517597374,7.355
7330,52,2024-02-12,Sports,188.28,1,0.05,71.45,Myra Gupta,West,Consumer,2023-10-01,37.94879966008074,71.45
7331,67,2024-07-29,Clothing,67.32,1,0.0,11.81,Saanvi Iyer,Central,Home Office,2023-02-15,17.543077837195487,11.81
7332,62,2024-09-17,Home & Kitchen,242.45,2,0.0,120.46,Sai Gupta,North,Home Office,2023-05-31,49.684471024953595,60.23
7333,4,2024-08-29,Electronics,697.72,6,0.05,1701.6,Aditya Reddy,South,Consumer,2022-02-09,243.88006650232182,283.59999999999997
7334,32,2024-03-15,Books,53.29,3,0.2,50.6,Saanvi Nair,West,Consumer,2024-02-11,94.95214862075436,16.866666666666667
7335,50,2024-12-14,Electronics,972.92,1,0.1,-221.95,Deepak Khan,Central,Consumer,2023-02-08,-22.812769806356123,-221.95
7336,15,2024-04-11,Home & Kitchen,175.9,3,0.1,182.53,Reyansh Verma,West,Consumer,2023-06-24,103.76918703808981,60.843333333333334
7337,44,2024-07-23,Beauty,56.76,4,0.0,70.19,Divya Gupta,West,Corporate,2022-02-09,123.66102889358703,17.5475
7338,44,2024-02-11,Clothing,93.26,6,0.1,109.42,Divya Gupta,West,Corporate,2022-02-09,117.32790049324468,18.236666666666668
7339,10,2024-04-03,Clothing,20.36,4,0.0,-46.33,Sai Patel,West,Consumer,2022-07-06,-227.55402750491157,-11.5825
7340,12,2024-02-16,Beauty,102.67,6,0.05,108.89,Sneha Verma,Unknown,Consumer,2022-11-01,106.0582448621798,18.148333333333333
7341,18,2024-04-20,Books,43.78,6,0.15,98.4,Krishna Khan,South,Corporate,2024-04-16,224.76016445865693,16.400000000000002
7342,52,2024-03-03,Sports,22.72,6,0.0,49.47,Myra Gupta,West,Consumer,2023-10-01,217.73767605633805,8.245
7343,40,2024-06-05,Clothing,148.95,7,0.1,246.7,Kiara Gupta,North,Corporate,2024-01-18,165.6260490097348,35.24285714285714
7344,43,2024-07-05,Clothing,49.24,3,0.2,30.33,Kiara Sharma,South,Home Office,2022-11-27,61.59626320064987,10.11
7345,47,2024-10-15,Sports,90.19,6,0.1,177.38,Divya Sharma,East,Corporate,2022-10-14,196.67368887903316,29.563333333333333
7346,64,2024-11-17,Clothing,92.11,4,0.0,89.91,Arun Singh,West,Corporate,2022-02-19,97.61155140592768,22.4775
7347,21,2024-07-18,Beauty,77.69,5,0.05,94.5,Deepak Singh,North,Consumer,2024-06-03,121.63727635474322,18.9
7348,10,2024-11-15,Electronics,1055.11,6,0.0,2021.53,Sai Patel,West,Consumer,2022-07-06,191.59424135872092,336.9216666666667
7349,5,2024-06-30,Clothing,87.09,7,0.05,141.71,Rahul Reddy,North,Consumer,2022-04-10,162.7167298197267,20.244285714285716
7350,3,2024-02-13,Beauty,49.03,2,0.0,26.31,Saanvi Reddy,South,Consumer,2023-09-01,53.66102386294105,13.155
7351,36,2024-08-31,Home & Kitchen,102.89,7,0.0,118.08,Ishaan Das,South,Corporate,2022-05-18,114.76333948877442,16.86857142857143
7352,37,2024-11-04,Electronics,929.69,2,0.05,474.77,Riya Reddy,Central,Consumer,2023-08-25,51.06756015446008,237.385
7353,51,2024-07-12,Electronics,857.65,2,0.0,665.33,Reyansh Sharma,Central,Consumer,2024-04-26,77.57593423890864,332.665
7354,66,2024-01-26,Electronics,59.01,4,0.1,57.99,Myra Patel,South,Corporate,2023-10-23,98.27147941026946,14.4975
7355,21,2024-12-11,Electronics,1033.21,5,0.0,1445.25,Deepak Singh,North,Consumer,2024-06-03,139.8795985327281,289.05
7356,5,2024-06-06,Sports,103.42,3,0.0,32.82,Rahul Reddy,North,Consumer,2022-04-10,31.7346741442661,10.94
7357,69,2024-04-17,Clothing,137.55,5,0.05,126.66,Rahul Gupta,North,Unknown,2022-02-02,92.08287895310795,25.332
7358,28,2024-03-31,Electronics,1190.2,5,0.05,1663.1,Pooja Patel,West,Corporate,2023-03-19,139.7328180137792,332.62
7359,6,2024-01-23,Clothing,63.04,5,0.15,80.45,Vivaan Singh,South,Consumer,2022-10-18,127.61738578680205,16.09
7360,51,2024-12-24,Books,15.25,6,0.05,-30.11,Reyansh Sharma,Central,Consumer,2024-04-26,-197.44262295081967,-5.0183333333333335
7361,16,2024-02-13,Electronics,351.47,6,0.0,735.9,Myra Sharma,East,Corporate,2024-03-26,209.37775628076363,122.64999999999999
7362,56,2024-01-21,Home & Kitchen,174.17,1,0.15,48.73,Myra Singh,West,Consumer,2023-01-27,27.978411896423033,48.73
7363,2,2024-09-29,Books,49.58,3,0.2,37.76,Aarav Sharma,South,Consumer,2022-03-15,76.15974183138363,12.586666666666666
7364,45,2024-12-31,Electronics,816.25,4,0.05,988.34,Vivaan Gupta,West,Corporate,2022-10-21,121.08300153139358,247.085
7365,38,2024-06-12,Beauty,43.14,5,0.0,84.43,Isha Singh,Central,Corporate,2023-01-19,195.7116365322207,16.886000000000003
7366,8,2024-07-13,Electronics,557.88,4,0.1,816.63,Isha Reddy,East,Consumer,2024-02-05,146.3809421380942,204.1575
7367,15,2024-08-23,Books,19.01,4,0.15,14.05,Reyansh Verma,West,Consumer,2023-06-24,73.90846922672277,3.5125
7368,9,2024-08-04,Electronics,797.91,3,0.2,487.26,Karthik Patel,West,Consumer,2022-09-13,61.067037635823596,162.42
7369,31,2024-12-07,Beauty,15.11,1,0.1,3.33,Sai Das,North,Corporate,2023-11-05,22.038385175380544,3.33
7370,70,2024-06-11,Books,47.59,6,0.0,-87.76,Rohan Patel,West,Consumer,2023-03-12,-184.40848917839884,-14.626666666666667
7371,45,2024-06-24,Books,44.57,4,0.0,39.55,Vivaan Gupta,West,Corporate,2022-10-21,88.73681848777204,9.8875
7372,66,2024-09-12,Home & Kitchen,105.93,1,0.05,44.38,Myra Patel,South,Corporate,2023-10-23,41.89559142830171,44.38
7373,49,2024-11-14,Clothing,109.22,6,0.05,275.11,Aditya Khan,East,Consumer,2023-04-26,251.88610144662152,45.85166666666667
7374,6,2024-02-26,Home & Kitchen,52.15,2,0.0,35.22,Vivaan Singh,South,Consumer,2022-10-18,67.535953978907,17.61
7375,47,2024-11-14,Beauty,74.39,5,0.15,65.21,Divya Sharma,East,Corporate,2022-10-14,87.6596316709235,13.041999999999998
7376,39,2024-07-30,Sports,41.9,7,0.2,90.03,Kiara Verma,Central,Consumer,2022-06-02,214.86873508353224,12.861428571428572
7377,3,2024-08-12,Home & Kitchen,164.91,3,0.0,198.52,Saanvi Reddy,South,Consumer,2023-09-01,120.38081377721181,66.17333333333333
7378,4,2024-04-26,Electronics,103.42,6,0.0,820.25,Aditya Reddy,South,Consumer,2022-02-09,793.1251208663701,136.70833333333334
7379,1,2024-11-17,Beauty,14.97,6,0.1,24.91,Ananya Das,East,Corporate,2023-08-19,166.3994655978624,4.151666666666666
7380,20,2024-08-06,Books,49.68,4,0.15,57.86,Karthik Reddy,North,Corporate,2022-11-16,116.46537842190017,14.465
7381,27,2024-01-29,Electronics,791.24,7,0.0,1533.77,Rahul Singh,South,Unknown,2023-02-15,193.8438400485314,219.10999999999999
7382,16,2024-02-18,Clothing,47.76,2,0.05,23.57,Myra Sharma,East,Corporate,2024-03-26,49.35092127303183,11.785
7383,67,2024-02-05,Beauty,44.19,3,0.0,29.81,Saanvi Iyer,Central,Home Office,2023-02-15,67.45870106358905,9.936666666666666
7384,13,2024-07-20,Home & Kitchen,33.26,5,0.1,51.78,Rohan Iyer,West,Consumer,2023-09-08,155.6825015033073,10.356
7385,62,2024-11-12,Clothing,110.33,2,0.1,66.63,Sai Gupta,North,Home Office,2023-05-31,60.39155261488263,33.315
7386,50,2024-07-13,Clothing,94.92,3,0.0,68.83,Deepak Khan,Central,Consumer,2023-02-08,72.51369574378424,22.94333333333333
7387,57,2024-11-14,Sports,203.54,5,0.0,196.31,Vivaan Patel,North,Home Office,2023-04-20,96.44787265402378,39.262
7388,29,2024-05-28,Beauty,55.83,6,0.0,111.75,Vihaan Gupta,South,Home Office,2022-09-17,200.1612036539495,18.625
7389,11,2024-07-28,Electronics,570.16,3,0.15,479.2,Riya Verma,South,Corporate,2024-02-20,84.04658341518171,159.73333333333332
7390,50,2024-01-17,Clothing,72.17,2,0.15,37.86,Deepak Khan,Central,Consumer,2023-02-08,52.459470694194266,18.93
7391,54,2024-05-05,Beauty,51.01,7,0.15,100.68,Aarav Nair,West,Corporate,2023-01-13,197.37306410507748,14.382857142857144
7392,66,2024-06-06,Sports,37.02,2,0.1,18.59,Myra Patel,South,Corporate,2023-10-23,50.21609940572663,9.295
7393,46,2024-07-25,Clothing,19.14,3,0.05,17.94,Naveen Khan,South,Consumer,2023-09-02,93.73040752351098,5.98
7394,19,2024-11-16,Clothing,104.6,2,0.15,79.61,Isha Nair,Central,Consumer,2022-11-20,76.10898661567877,39.805
7395,2,2024-04-18,Electronics,749.04,2,0.05,303.47,Aarav Sharma,South,Consumer,2022-03-15,40.51452525899819,151.735
7396,14,2024-03-15,Home & Kitchen,297.94,4,0.05,262.61,Reyansh Das,West,Consumer,2022-08-11,88.14190776666443,65.6525
7397,37,2024-07-17,Home & Kitchen,393.02,7,0.2,894.87,Riya Reddy,Central,Consumer,2023-08-25,227.69070276321818,127.83857142857143
7398,32,2024-02-20,Sports,140.47,4,0.2,181.61,Saanvi Nair,West,Consumer,2024-02-11,129.2873923257635,45.4025
7399,61,2024-07-22,Beauty,19.03,6,0.05,39.82,Aditya Sharma,West,Corporate,2023-12-18,209.24855491329478,6.636666666666667
7400,33,2024-06-15,Home & Kitchen,354.29,7,0.05,712.63,Naveen Das,West,Consumer,2024-05-05,201.1431313330887,101.80428571428571
7401,63,2024-10-06,Electronics,120.83,4,0.15,93.52,Tara Das,East,Home Office,2023-02-06,77.39799718612927,23.38
7402,4,2024-12-12,Home & Kitchen,220.84,3,0.0,219.14,Aditya Reddy,South,Consumer,2022-02-09,99.23021191813076,73.04666666666667
7403,21,2024-06-23,Sports,29.01,7,0.0,87.03,Deepak Singh,North,Consumer,2024-06-03,300.0,12.432857142857143
7404,63,2024-07-09,Sports,28.58,5,0.15,30.34,Tara Das,East,Home Office,2023-02-06,106.15815255423374,6.068
7405,13,2024-03-02,Beauty,39.08,4,0.1,27.84,Rohan Iyer,West,Consumer,2023-09-08,71.23848515864893,6.96
7406,58,2024-02-23,Beauty,108.9,4,0.15,151.12,Karthik Das,West,Consumer,2024-06-07,138.76951331496784,37.78
7407,70,2024-09-18,Books,48.92,6,0.0,-55.89,Rohan Patel,West,Consumer,2023-03-12,-114.2477514309076,-9.315
7408,18,2024-07-17,Books,36.43,5,0.0,74.14,Krishna Khan,South,Corporate,2024-04-16,203.51358770244303,14.828
7409,37,2024-04-18,Books,31.73,3,0.0,30.77,Riya Reddy,Central,Consumer,2023-08-25,96.97447210841474,10.256666666666666
7410,38,2024-06-09,Books,33.03,4,0.0,52.58,Isha Singh,Central,Corporate,2023-01-19,159.18861640932485,13.145
7411,58,2024-09-07,Home & Kitchen,101.41,1,0.1,13.88,Karthik Das,West,Consumer,2024-06-07,13.68701311507741,13.88
7412,34,2024-07-01,Clothing,116.22,7,0.2,268.71,Naveen Sharma,South,Home Office,2022-05-17,231.20805369127515,38.387142857142855
7413,48,2024-04-19,Clothing,76.95,4,0.1,56.99,Aditya Patel,Central,Home Office,2023-07-05,74.06107862248213,14.2475
7414,57,2024-10-29,Home & Kitchen,102.27,4,0.05,147.07,Vivaan Patel,North,Home Office,2023-04-20,143.80561259411363,36.7675
7415,26,2024-04-17,Beauty,28.05,7,0.05,59.93,Pooja Khan,East,Consumer,2023-06-15,213.65418894830657,8.561428571428571
7416,11,2024-08-16,Electronics,976.05,6,0.0,1838.28,Riya Verma,South,Corporate,2024-02-20,188.33871215613956,306.38
7417,12,2024-05-19,Clothing,100.36,6,0.05,198.2,Sneha Verma,Unknown,Consumer,2022-11-01,197.48903945795135,33.03333333333333
7418,58,2024-12-09,Electronics,415.55,2,0.1,325.7,Karthik Das,West,Consumer,2024-06-07,78.37805318252917,162.85
7419,26,2024-11-26,Beauty,85.19,1,0.15,24.58,Pooja Khan,East,Consumer,2023-06-15,28.853151778377743,24.58
7420,67,2024-05-04,Beauty,119.21,3,0.05,62.53,Saanvi Iyer,Central,Home Office,2023-02-15,52.453653217012,20.843333333333334
7421,52,2024-05-16,Books,36.28,6,0.1,53.27,Myra Gupta,West,Consumer,2023-10-01,146.83020948180817,8.878333333333334
7422,14,2024-07-10,Books,22.98,7,0.3,45.79,Reyansh Das,West,Consumer,2022-08-11,199.26022628372496,6.541428571428571
7423,40,2024-10-03,Home & Kitchen,263.53,3,0.0,318.43,Kiara Gupta,North,Corporate,2024-01-18,120.83254278450272,106.14333333333333
7424,21,2024-02-23,Electronics,157.21,4,0.15,83.04,Deepak Singh,North,Consumer,2024-06-03,52.821067362127096,20.76
7425,18,2024-11-12,Home & Kitchen,31.58,7,0.1,73.7,Krishna Khan,South,Corporate,2024-04-16,233.37555414819508,10.528571428571428
7426,26,2024-10-31,Clothing,26.24,5,0.15,21.75,Pooja Khan,East,Consumer,2023-06-15,82.88871951219512,4.35
7427,28,2024-11-19,Home & Kitchen,95.62,6,0.0,251.63,Pooja Patel,West,Corporate,2023-03-19,263.1562434637105,41.93833333333333
7428,37,2024-10-03,Beauty,45.91,7,0.0,89.9,Riya Reddy,Central,Consumer,2023-08-25,195.81790459594862,12.842857142857143
7429,68,2024-02-26,Books,18.98,7,0.15,18.39,Myra Patel,Central,Consumer,2024-04-12,96.89146469968388,2.6271428571428572
7430,41,2024-04-23,Sports,96.98,7,0.0,133.58,Ananya Iyer,Central,Corporate,2024-05-16,137.7397401526088,19.082857142857144
7431,33,2024-12-30,Sports,45.59,7,0.0,72.91,Naveen Das,West,Consumer,2024-05-05,159.92542224171967,10.415714285714285
7432,21,2024-04-04,Sports,282.42,5,0.0,507.45,Deepak Singh,North,Consumer,2024-06-03,179.67920118971742,101.49
7433,25,2024-07-28,Clothing,81.13,2,0.0,66.32,Sai Iyer,North,Consumer,2023-07-17,81.74534697399235,33.16
7434,5,2024-10-27,Home & Kitchen,198.83,2,0.0,117.93,Rahul Reddy,North,Consumer,2022-04-10,59.31197505406629,58.965
7435,36,2024-10-27,Electronics,103.42,7,0.05,1433.91,Ishaan Das,South,Corporate,2022-05-18,1386.4919744730225,204.84428571428572
7436,36,2024-04-16,Beauty,76.97,7,0.05,198.95,Ishaan Das,South,Corporate,2022-05-18,258.47732882941403,28.42142857142857
7437,34,2024-07-08,Books,35.36,3,0.0,29.38,Naveen Sharma,South,Home Office,2022-05-17,83.08823529411764,9.793333333333333
7438,56,2024-12-20,Electronics,1137.6,2,0.05,811.16,Myra Singh,West,Consumer,2023-01-27,71.30450070323488,405.58
7439,22,2024-07-03,Clothing,142.96,7,0.15,156.57,Isha Das,Unknown,Consumer,2022-03-18,109.5201454952434,22.367142857142856
7440,11,2024-10-08,Beauty,30.56,5,0.1,-30.16,Riya Verma,South,Corporate,2024-02-20,-98.69109947643979,-6.032
7441,29,2024-09-05,Books,14.38,3,0.05,15.11,Vihaan Gupta,South,Home Office,2022-09-17,105.07649513212796,5.036666666666666
7442,35,2024-04-04,Clothing,28.69,2,0.0,11.62,Reyansh Nair,South,Corporate,2023-06-04,40.50191704426629,5.81
7443,41,2024-05-09,Sports,46.41,3,0.05,33.12,Ananya Iyer,Central,Corporate,2024-05-16,71.3639301874596,11.04
7444,2,2024-07-22,Beauty,20.88,7,0.0,41.63,Aarav Sharma,South,Consumer,2022-03-15,199.37739463601534,5.9471428571428575
7445,2,2024-09-01,Electronics,323.77,5,0.0,257.41,Aarav Sharma,South,Consumer,2022-03-15,79.50396886678817,51.482000000000006
7446,35,2024-10-10,Home & Kitchen,187.12,5,0.2,259.66,Reyansh Nair,South,Corporate,2023-06-04,138.76656690893546,51.932
7447,64,2024-03-01,Books,18.41,5,0.0,23.99,Arun Singh,West,Corporate,2022-02-19,130.3096143400326,4.798
7448,6,2024-09-25,Beauty,41.57,5,0.1,45.8,Vivaan Singh,South,Consumer,2022-10-18,110.1756074091893,9.16
7449,10,2024-03-12,Clothing,55.95,4,0.0,54.02,Sai Patel,West,Consumer,2022-07-06,96.55049151027704,13.505
7450,39,2024-08-14,Electronics,457.41,3,0.05,463.75,Kiara Verma,Central,Consumer,2022-06-02,101.38606501825495,154.58333333333334
7451,27,2024-02-22,Clothing,56.0,7,0.15,102.17,Rahul Singh,South,Unknown,2023-02-15,182.44642857142856,14.595714285714285
7452,31,2024-02-13,Sports,96.54,6,0.1,115.64,Sai Das,North,Corporate,2023-11-05,119.7845452662109,19.273333333333333
7453,51,2024-11-26,Electronics,415.12,1,0.15,65.86,Reyansh Sharma,Central,Consumer,2024-04-26,15.865291963769511,65.86
7454,35,2024-09-17,Books,44.46,2,0.15,15.63,Reyansh Nair,South,Corporate,2023-06-04,35.15519568151147,7.815
7455,8,2024-12-17,Electronics,508.06,4,0.1,522.44,Isha Reddy,East,Consumer,2024-02-05,102.83037436523246,130.61
7456,14,2024-01-13,Electronics,603.65,3,0.0,557.05,Reyansh Das,West,Consumer,2022-08-11,92.28029487285679,185.6833333333333
7457,37,2024-07-17,Sports,272.26,7,0.0,-803.1,Riya Reddy,Central,Consumer,2023-08-25,-294.97539117020494,-114.72857142857143
7458,41,2024-04-17,Books,33.74,4,0.05,31.33,Ananya Iyer,Central,Corporate,2024-05-16,92.85714285714285,7.8325
7459,36,2024-06-02,Sports,73.95,5,0.0,89.94,Ishaan Das,South,Corporate,2022-05-18,121.62271805273832,17.988
7460,57,2024-09-06,Clothing,17.39,2,0.0,13.51,Vivaan Patel,North,Home Office,2023-04-20,77.68832662449682,6.755
7461,31,2024-01-18,Home & Kitchen,280.62,3,0.0,188.01,Sai Das,North,Corporate,2023-11-05,66.99807568954458,62.669999999999995
7462,67,2024-03-27,Sports,178.49,2,0.15,77.31,Saanvi Iyer,Central,Home Office,2023-02-15,43.31335088800493,38.655
7463,4,2024-01-20,Sports,267.82,4,0.0,-507.08,Aditya Reddy,South,Consumer,2022-02-09,-189.33612127548355,-126.77
7464,70,2024-05-18,Clothing,41.81,6,0.05,94.87,Rohan Patel,West,Consumer,2023-03-12,226.90743841186318,15.811666666666667
7465,37,2024-09-06,Electronics,792.37,1,0.0,240.68,Riya Reddy,Central,Consumer,2023-08-25,30.374698688743894,240.68
7466,31,2024-04-14,Clothing,100.73,2,0.1,38.53,Sai Das,North,Corporate,2023-11-05,38.25076938350044,19.265
7467,55,2024-10-25,Sports,289.41,6,0.0,378.81,Pooja Gupta,Unknown,Unknown,2022-04-17,130.89043225873326,63.135
7468,11,2024-11-04,Beauty,57.49,5,0.0,74.23,Riya Verma,South,Corporate,2024-02-20,129.11810749695601,14.846
7469,61,2024-10-21,Books,15.2,4,0.1,19.48,Aditya Sharma,West,Corporate,2023-12-18,128.1578947368421,4.87
7470,58,2024-04-15,Beauty,59.3,4,0.05,40.0,Karthik Das,West,Consumer,2024-06-07,67.45362563237775,10.0
7471,67,2024-11-10,Books,58.84,6,0.1,51.21,Saanvi Iyer,Central,Home Office,2023-02-15,87.03263086335825,8.535
7472,11,2024-05-20,Home & Kitchen,181.75,3,0.1,161.32,Riya Verma,South,Corporate,2024-02-20,88.75928473177441,53.77333333333333
7473,1,2024-04-11,Sports,261.36,4,0.05,182.68,Ananya Das,East,Corporate,2023-08-19,69.89592898683807,45.67
7474,26,2024-01-10,Books,52.39,7,0.05,53.54,Pooja Khan,East,Consumer,2023-06-15,102.19507539606796,7.648571428571429
7475,52,2024-09-19,Books,17.96,4,0.15,17.64,Myra Gupta,West,Consumer,2023-10-01,98.21826280623608,4.41
7476,15,2024-07-05,Clothing,141.72,3,0.1,78.98,Reyansh Verma,West,Consumer,2023-06-24,55.7296076771098,26.326666666666668
7477,32,2024-08-07,Books,9.22,5,0.3,5.38,Saanvi Nair,West,Consumer,2024-02-11,58.35140997830802,1.076
7478,32,2024-08-19,Clothing,75.47,2,0.0,56.21,Saanvi Nair,West,Consumer,2024-02-11,74.47992579833046,28.105
7479,62,2024-05-04,Beauty,42.3,4,0.15,62.61,Sai Gupta,North,Home Office,2023-05-31,148.01418439716315,15.6525
7480,29,2024-10-11,Electronics,235.08,1,0.1,83.04,Vihaan Gupta,South,Home Office,2022-09-17,35.324144971924454,83.04
7481,46,2024-09-18,Clothing,146.5,4,0.2,115.71,Naveen Khan,South,Consumer,2023-09-02,78.98293515358361,28.9275
7482,34,2024-10-29,Books,47.48,3,0.0,33.13,Naveen Sharma,South,Home Office,2022-05-17,69.77674810446504,11.043333333333335
7483,30,2024-03-13,Electronics,191.12,1,0.0,46.62,Arjun Reddy,West,Home Office,2024-05-05,24.393051485977395,46.62
7484,66,2024-03-21,Electronics,801.5,5,0.0,1038.41,Myra Patel,South,Corporate,2023-10-23,129.55832813474737,207.68200000000002
7485,60,2024-06-06,Home & Kitchen,212.57,4,0.0,184.31,Priya Singh,Central,Corporate,2022-01-21,86.70555581690738,46.0775
7486,31,2024-10-01,Home & Kitchen,131.99,7,0.15,200.27,Sai Das,North,Corporate,2023-11-05,151.7311917569513,28.610000000000003
7487,8,2024-04-07,Clothing,109.87,7,0.0,316.01,Isha Reddy,East,Consumer,2024-02-05,287.62173477746427,45.144285714285715
7488,48,2024-03-23,Electronics,1158.89,4,0.0,842.16,Aditya Patel,Central,Home Office,2023-07-05,72.66953722959038,210.54
7489,11,2024-10-30,Clothing,36.52,1,0.05,6.79,Riya Verma,South,Corporate,2024-02-20,18.592552026286967,6.79
7490,32,2024-12-30,Sports,63.71,7,0.0,-286.49,Saanvi Nair,West,Consumer,2024-02-11,-449.6782294773191,-40.92714285714286
7491,1,2024-12-06,Books,44.73,2,0.05,19.34,Ananya Das,East,Corporate,2023-08-19,43.237200983679855,9.67
7492,47,2024-03-15,Electronics,1140.84,3,0.0,1444.76,Divya Sharma,East,Corporate,2022-10-14,126.64001963465516,481.58666666666664
7493,44,2024-05-25,Books,36.45,5,0.0,52.45,Divya Gupta,West,Corporate,2022-02-09,143.89574759945128,10.49
7494,63,2024-01-05,Clothing,145.73,2,0.2,62.31,Tara Das,East,Home Office,2023-02-06,42.7571536402937,31.155
7495,26,2024-10-19,Clothing,88.81,1,0.0,-22.4,Pooja Khan,East,Consumer,2023-06-15,-25.222384866569076,-22.4
7496,18,2024-10-12,Sports,133.2,1,0.05,51.42,Krishna Khan,South,Corporate,2024-04-16,38.60360360360361,51.42
7497,4,2024-04-19,Home & Kitchen,176.72,7,0.1,291.8,Aditya Reddy,South,Consumer,2022-02-09,165.1199637845179,41.68571428571429
7498,4,2024-08-06,Beauty,95.72,6,0.0,221.06,Aditya Reddy,South,Consumer,2022-02-09,230.9444212285834,36.843333333333334
7499,56,2024-04-22,Sports,11.55,7,0.1,27.06,Myra Singh,West,Consumer,2023-01-27,234.28571428571425,3.8657142857142857
7500,63,2024-09-01,Books,37.8,7,0.1,64.82,Tara Das,East,Home Office,2023-02-06,171.48148148148147,9.26
8125,95,2024-06-24,Books,16.8,1,0.05,6.91,Unknown Customer,Unknown,Unknown,Not Available,41.13095238095238,6.91
8038,96,2024-06-02,Clothing,95.56,5,0.0,99.64,Unknown Customer,Unknown,Unknown,Not Available,104.26956885726244,19.928
8283,97,2024-02-05,Beauty,44.19,3,0.0,29.81,Unknown Customer,Unknown,Unknown,Not Available,67.45870106358905,9.936666666666666
8203,98,2024-10-16,Sports,116.01,3,0.0,113.7,Unknown Customer,Unknown,Unknown,Not Available,98.00879234548746,37.9
